ID,RA,DEC,z_final,z_pdf_med,z_pdf_l68,z_pdf_u68,z_err,log_Mstar,log_Mstar_l68,log_Mstar_u68,log_SFR,Survey,z_type
COSMOS2025-10101,149.85360709731543,2.1749381983505818,8.5962,8.5962,8.3008,8.7483,0.2237499999999999,10.626,10.62489,10.79697,3.003,COSMOS-Web-DR1,phot
COSMOS2025-29738,149.81108041302124,2.15966595238854,9.078,9.078,7.2866,11.455,2.0842,11.716,10.46794,11.34768,1.692,COSMOS-Web-DR1,phot
COSMOS2025-33848,149.78399600253354,2.246455964679778,12.2399,12.2399,7.948,14.1524,3.1022,10.998,10.1849,10.86475,1.786,COSMOS-Web-DR1,phot
COSMOS2025-42475,150.00515040370877,2.0808156195955085,9.0697,8.4369,7.5576,9.4672,0.9548000000000001,10.163,9.64068,10.18767,0.7801,COSMOS-Web-DR1,phot
COSMOS2025-49689,150.0162315462894,2.1261745326307384,8.3835,8.2766,7.8045,8.7029,0.4491999999999998,10.542,10.25096,10.54783,2.304,COSMOS-Web-DR1,phot
COSMOS2025-52310,149.90062968565107,2.1878826535402314,8.9385,8.9385,7.8154,10.3073,1.2459499999999997,12.139,11.00779,11.78433,2.115,COSMOS-Web-DR1,phot
COSMOS2025-57685,149.9883551727255,2.1904592832871086,13.9749,13.9749,12.8709,14.6807,0.9048999999999996,11.434,11.51698,12.09189,4.093,COSMOS-Web-DR1,phot
COSMOS2025-74827,149.98945961604025,2.1915780080102234,14.9463,14.9463,14.8505,14.9893,0.0693999999999999,11.932,11.91594,12.0,4.592,COSMOS-Web-DR1,phot
COSMOS2025-74924,149.99065634462283,2.192484606746308,14.7582,14.7582,14.4326,14.9386,0.2529999999999992,11.711,11.69146,12.20836,4.37,COSMOS-Web-DR1,phot
COSMOS2025-75043,149.99049280784106,2.1940806842440486,13.2159,13.2159,10.0674,14.5027,2.217650000000001,10.865,10.82859,11.48839,3.524,COSMOS-Web-DR1,phot
COSMOS2025-81067,150.01093761156153,2.070654699335581,12.6751,12.6751,12.1195,13.0645,0.47250000000000014,10.051,9.66413,10.13858,1.675,COSMOS-Web-DR1,phot
COSMOS2025-83670,150.10629523801052,2.053504450993896,8.2906,8.2906,7.2353,9.3553,1.06,11.405,11.0219,11.7805,3.076,COSMOS-Web-DR1,phot
COSMOS2025-83859,150.01457788076135,2.0886258736225014,11.0721,8.8887,8.5653,9.3033,0.3689999999999998,10.57,10.30977,10.75064,2.194,COSMOS-Web-DR1,phot
COSMOS2025-92586,150.0634409585068,2.1355793869079496,8.3845,8.3845,7.858,8.7757,0.4588500000000004,10.545,10.21301,10.53703,2.153,COSMOS-Web-DR1,phot
COSMOS2025-108722,150.02840146036738,2.0821924980000754,12.3453,12.3453,7.3081,14.1866,3.4392500000000004,11.448,10.68276,11.3617,2.236,COSMOS-Web-DR1,phot
COSMOS2025-110159,150.02105110550298,2.109830720157202,12.8606,12.8606,10.4834,14.3504,1.9335000000000004,11.0,10.21634,10.93716,1.788,COSMOS-Web-DR1,phot
COSMOS2025-129884,150.28606987004622,2.031806113592139,8.4632,8.4632,8.2344,8.7056,0.2355999999999998,10.131,9.95751,10.24369,2.412,COSMOS-Web-DR1,phot
COSMOS2025-136802,150.30549848651455,2.07055799651549,8.4902,8.4902,8.1484,8.7933,0.3224499999999999,10.31,10.2415,10.52881,2.436,COSMOS-Web-DR1,phot
COSMOS2025-136805,150.3064798684157,2.070195969048728,8.366,8.366,8.1903,8.665,0.23734999999999928,10.077,10.0019,10.29263,2.361,COSMOS-Web-DR1,phot
COSMOS2025-141341,150.21684416147778,2.1351901252505643,10.7847,10.7847,8.9335,11.2199,1.1432000000000002,10.185,10.02519,10.45136,2.045,COSMOS-Web-DR1,phot
COSMOS2025-142587,150.21068188182906,2.146051742594447,8.0921,8.0921,7.4717,8.6999,0.6140999999999996,10.197,9.76831,10.13093,0.1731,COSMOS-Web-DR1,phot
COSMOS2025-149433,150.21848669426478,2.0332304788156668,9.194,9.194,6.6938,12.1624,2.7342999999999997,11.431,10.04637,10.99903,1.408,COSMOS-Web-DR1,phot
COSMOS2025-157945,150.27422071060556,1.9611155282292598,8.5082,8.5082,7.2988,9.7733,1.2372500000000004,12.198,10.90814,11.74624,1.908,COSMOS-Web-DR1,phot
COSMOS2025-170852,150.37096671806233,2.0340985814920334,8.0217,7.8171,6.1611,9.2162,1.5275500000000002,10.282,9.83863,10.17962,1.224,COSMOS-Web-DR1,phot
COSMOS2025-171453,150.3757311408659,2.0370616649182076,9.3255,9.3255,6.9427,11.5122,2.28475,11.318,10.91652,11.35437,2.953,COSMOS-Web-DR1,phot
COSMOS2025-182052,150.38828813412084,1.9502022739455191,9.1758,9.1758,6.6213,12.2202,2.79945,11.404,10.09274,11.01431,1.38,COSMOS-Web-DR1,phot
COSMOS2025-192402,149.73421191937447,1.9693273952136674,8.1959,8.1959,6.1314,11.1526,2.5105999999999997,10.381,9.89917,10.60258,1.323,COSMOS-Web-DR1,phot
COSMOS2025-194412,149.6959141975979,1.997342056761855,9.3177,9.3177,7.5192,11.7341,2.10745,11.704,10.53583,11.42154,1.681,COSMOS-Web-DR1,phot
COSMOS2025-195970,149.7498116646184,1.9890620480142651,8.9008,8.1969,7.5168,8.8733,0.6782500000000002,10.208,9.74423,10.27592,0.6343,COSMOS-Web-DR1,phot
COSMOS2025-196460,149.80304521613826,1.973719870530042,9.7477,9.7477,7.5942,12.423,2.4144,11.295,10.24463,11.1384,2.237,COSMOS-Web-DR1,phot
COSMOS2025-201346,149.7380170551855,2.0298352933567645,8.9839,8.9839,6.8648,11.9129,2.5240500000000003,11.407,9.81511,10.85916,1.383,COSMOS-Web-DR1,phot
COSMOS2025-230136,149.82865348472683,1.9111773737142983,8.1277,8.0335,6.7726,9.4307,1.32905,11.466,10.85749,11.56962,2.409,COSMOS-Web-DR1,phot
COSMOS2025-249416,149.9408584580992,2.0054774342499284,11.9403,11.9403,11.4238,12.1361,0.3561500000000004,10.131,9.81448,10.10527,2.157,COSMOS-Web-DR1,phot
COSMOS2025-269961,149.9781604405633,2.05212991337822,10.0694,10.0694,6.0614,13.1918,3.5652000000000004,10.589,9.62739,10.38086,1.016,COSMOS-Web-DR1,phot
COSMOS2025-280952,149.9566526003149,1.9393890128291624,8.0253,8.0253,6.1947,9.1252,1.4652499999999997,10.263,10.32116,10.78902,2.639,COSMOS-Web-DR1,phot
COSMOS2025-286765,150.093856482825,1.9357491032374268,9.1977,9.1977,7.0864,12.1193,2.5164500000000003,11.421,10.04181,11.0043,1.397,COSMOS-Web-DR1,phot
COSMOS2025-325770,150.16904967158737,1.9032592792554703,8.3088,8.3088,7.5679,9.3271,0.8795999999999999,10.217,9.88093,10.3835,1.426,COSMOS-Web-DR1,phot
COSMOS2025-330188,150.23011442487132,1.9143581955894307,8.5041,8.5041,7.6997,9.3515,0.8258999999999999,10.243,11.13132,11.94653,2.902,COSMOS-Web-DR1,phot
COSMOS2025-342663,150.12791099766662,1.9060842060948215,9.4891,9.4891,7.4896,12.1606,2.3355,11.698,10.32133,11.2011,1.911,COSMOS-Web-DR1,phot
COSMOS2025-362122,150.2495501298632,1.8646551938213811,8.0898,8.0898,7.6214,8.5775,0.4780500000000001,11.623,11.86795,12.53343,4.283,COSMOS-Web-DR1,phot
COSMOS2025-369896,150.34283941911679,1.8935895158084846,8.4384,8.4384,7.9149,8.8143,0.44969999999999954,10.187,9.83682,10.20602,1.868,COSMOS-Web-DR1,phot
COSMOS2025-384141,150.28351814202202,1.9362365926927945,8.6747,8.6747,8.6103,8.7251,0.05739999999999945,10.033,10.03005,10.22054,2.692,COSMOS-Web-DR1,phot
COSMOS2025-384271,150.29052311415214,1.93718812123005,8.6083,8.6083,8.2574,8.8219,0.28224999999999945,10.38,10.01122,10.4594,2.754,COSMOS-Web-DR1,phot
COSMOS2025-384273,150.32306764001373,1.925362123173274,10.4825,10.4825,6.9471,13.2533,3.1531,10.515,9.93371,10.5704,1.132,COSMOS-Web-DR1,phot
COSMOS2025-385251,149.95055964812641,2.484329732498177,8.1252,8.1252,7.5882,8.8081,0.60995,10.302,9.91866,10.26687,1.347,COSMOS-Web-DR1,phot
COSMOS2025-426161,150.05525486273416,2.4650828688113293,8.1094,8.1094,7.413,8.8827,0.7348499999999998,10.051,9.65411,10.02817,1.096,COSMOS-Web-DR1,phot
COSMOS2025-440893,150.06477464145095,2.5698291767409036,8.1187,8.1187,7.4841,9.0023,0.7591000000000001,10.429,10.25756,10.79916,2.052,COSMOS-Web-DR1,phot
COSMOS2025-451159,150.18946742158073,2.5943660884403497,13.3837,13.3837,12.7158,14.3959,0.8400499999999997,10.055,9.5125,10.08489,1.264,COSMOS-Web-DR1,phot
COSMOS2025-455311,150.14551599174186,2.4841475370063426,11.9521,11.9521,7.669,14.039,3.185,11.275,10.37511,11.01986,1.892,COSMOS-Web-DR1,phot
COSMOS2025-459246,150.16583534592453,2.54939044455847,8.8537,8.8537,6.2763,12.1816,2.9526499999999998,10.985,9.36597,10.44825,0.961,COSMOS-Web-DR1,phot
COSMOS2025-468046,150.17947509363438,2.4389981392563382,11.2942,11.2942,6.5339,13.7884,3.6272499999999996,12.071,10.62103,11.26555,2.687,COSMOS-Web-DR1,phot
COSMOS2025-468697,150.2448500883672,2.4201602994186993,8.395,7.9449,7.3405,8.6707,0.6651000000000002,10.328,9.75283,10.2723,1.936,COSMOS-Web-DR1,phot
COSMOS2025-474637,150.18349239404577,2.485842424126437,8.2689,8.2689,7.6184,8.7964,0.589,10.126,9.82956,10.15223,1.692,COSMOS-Web-DR1,phot
COSMOS2025-480129,150.22585390202295,2.50865792854282,8.2937,8.2937,7.369,9.8396,1.2353000000000005,10.456,10.30571,10.9548,1.984,COSMOS-Web-DR1,phot
COSMOS2025-492035,150.15611658181246,2.4315941318758525,11.6763,11.6763,7.2324,13.9278,3.3476999999999997,10.912,10.04554,10.69667,1.529,COSMOS-Web-DR1,phot
COSMOS2025-492362,150.16355841473367,2.43490173585061,14.4727,14.4727,13.6849,14.8573,0.5861999999999998,11.622,11.64713,12.26975,4.281,COSMOS-Web-DR1,phot
COSMOS2025-492939,150.1935321982513,2.4341073405139197,11.2005,11.2005,6.7609,13.7549,3.4969999999999994,11.571,10.11496,10.76499,2.188,COSMOS-Web-DR1,phot
COSMOS2025-493692,150.20952118930464,2.4415017111256803,12.9458,12.9458,10.6943,14.3877,1.8467000000000002,11.071,10.33945,11.0152,1.859,COSMOS-Web-DR1,phot
COSMOS2025-494090,150.20940193356097,2.449002241517743,11.7181,11.7181,6.6834,13.9682,3.6424,11.24,10.31194,10.96303,1.856,COSMOS-Web-DR1,phot
COSMOS2025-499026,150.2949615154862,2.532091656041901,11.2357,11.2357,6.225,13.7416,3.7583,10.848,10.03608,10.81347,2.057,COSMOS-Web-DR1,phot
COSMOS2025-500271,150.35627603187044,2.3334122190747237,8.5117,8.5117,8.1247,8.7965,0.33589999999999964,10.305,10.19919,10.54722,2.305,COSMOS-Web-DR1,phot
COSMOS2025-500445,150.3565400028259,2.3335245783808483,8.5223,8.5223,8.1265,8.8076,0.34055000000000035,10.887,10.81963,11.24579,3.012,COSMOS-Web-DR1,phot
COSMOS2025-502736,150.3798670121057,2.3408903942887793,9.1221,9.1221,6.5893,9.8603,1.6355000000000004,10.4,10.05601,10.38511,1.932,COSMOS-Web-DR1,phot
COSMOS2025-515315,150.41198363338526,2.410990593609681,8.0855,8.0855,6.0469,9.7907,1.8718999999999997,10.787,10.63773,11.53353,3.446,COSMOS-Web-DR1,phot
COSMOS2025-530774,150.3602701089201,2.532257380403096,13.591,13.591,12.853,14.4838,0.8154000000000003,10.014,9.52316,10.05466,1.482,COSMOS-Web-DR1,phot
COSMOS2025-531173,150.32452103614747,2.3501852521973814,10.2084,10.2084,6.0052,13.2524,3.6235999999999997,10.253,9.54755,10.23347,1.195,COSMOS-Web-DR1,phot
COSMOS2025-532748,150.30322921994332,2.3851985631613024,14.7159,14.7159,14.3207,14.9285,0.3038999999999996,11.587,11.58691,12.11697,4.246,COSMOS-Web-DR1,phot
COSMOS2025-538527,150.39804085629243,2.455417250954056,8.9019,8.9019,6.6624,11.8961,2.6168500000000003,10.109,9.99746,10.81633,1.977,COSMOS-Web-DR1,phot
COSMOS2025-550698,150.4696180020198,2.3600392413846896,8.2548,8.2548,7.7238,8.6689,0.47255000000000047,10.102,9.78835,10.15524,1.783,COSMOS-Web-DR1,phot
COSMOS2025-581540,149.9033788409023,2.320757207414043,10.3661,10.3661,9.9496,10.6952,0.3727999999999998,10.059,9.83458,10.2032,2.156,COSMOS-Web-DR1,phot
COSMOS2025-592892,149.90837017534685,2.391966914356261,10.1109,8.2406,7.4496,9.1199,0.8351499999999996,10.908,11.13599,11.90172,3.033,COSMOS-Web-DR1,phot
COSMOS2025-603373,149.95143953462753,2.4487658646934327,8.0316,7.8509,7.715,7.9836,0.13430000000000009,10.236,10.21109,10.3,2.891,COSMOS-Web-DR1,phot
COSMOS2025-611101,149.87921416758056,2.362630228694069,11.5261,11.5261,6.2325,13.9153,3.8414,11.061,10.03371,10.78899,1.678,COSMOS-Web-DR1,phot
COSMOS2025-611563,149.87081032577822,2.3730135257891125,10.1556,10.1556,6.3077,13.1669,3.4296,10.681,9.78622,10.54788,0.8952,COSMOS-Web-DR1,phot
COSMOS2025-620273,149.94494348313916,2.2750883344453996,9.1051,9.1051,9.0524,9.148,0.04779999999999962,10.249,10.216,10.3,2.907,COSMOS-Web-DR1,phot
COSMOS2025-645985,149.9820176918988,2.4311502241758327,8.2603,8.2603,7.6311,8.8107,0.5898000000000003,10.987,11.0385,11.58813,3.364,COSMOS-Web-DR1,phot
COSMOS2025-651578,150.0405356940548,2.2468198234966694,8.6794,8.6794,6.1857,11.8378,2.82605,10.682,9.9404,10.43254,2.148,COSMOS-Web-DR1,phot
COSMOS2025-666677,150.11203564769056,2.236926911536547,8.5936,8.5936,8.2651,8.8321,0.2835000000000001,10.66,10.57938,10.71956,2.47,COSMOS-Web-DR1,phot
COSMOS2025-679650,150.20326951758614,2.293025075196191,14.0585,9.222,7.1628,11.8921,2.3646499999999997,11.175,10.30623,11.16952,1.151,COSMOS-Web-DR1,phot
COSMOS2025-694113,150.08474745853468,2.2285328955350696,10.8933,10.8933,6.532,13.5794,3.5237,10.08,9.75319,10.38378,1.946,COSMOS-Web-DR1,phot
COSMOS2025-695783,150.17883113882746,2.2258021757713897,9.0103,9.0103,6.236,12.3913,3.0776499999999998,11.035,9.53051,10.49686,1.011,COSMOS-Web-DR1,phot
COSMOS2025-696816,150.09902044188377,2.270401573111026,8.2646,8.2646,7.6632,8.7783,0.55755,10.062,9.72533,10.04016,1.445,COSMOS-Web-DR1,phot
COSMOS2025-699553,150.10634080408565,2.315949752644502,13.3294,13.3294,11.565,14.5138,1.4744000000000002,11.653,10.96884,11.63212,2.595,COSMOS-Web-DR1,phot
COSMOS2025-701126,150.17002555377096,2.322160989069173,10.6083,10.6083,6.0598,13.4898,3.7150000000000003,10.604,9.66725,10.40435,1.221,COSMOS-Web-DR1,phot
COSMOS2025-709856,150.2686625552064,2.177910127897346,8.5801,8.5801,8.2544,8.7645,0.2550499999999998,10.787,10.60113,10.82799,2.74,COSMOS-Web-DR1,phot
COSMOS2025-715709,150.31783855960157,2.201018752141523,8.0121,8.0121,7.454,8.7192,0.6326000000000005,10.536,10.08928,10.55145,2.065,COSMOS-Web-DR1,phot
COSMOS2025-718984,150.3430450892232,2.211634535711882,8.462,8.462,8.2046,8.7338,0.2646000000000006,11.769,11.54603,11.8,4.143,COSMOS-Web-DR1,phot
COSMOS2025-723163,150.28248611157144,2.265523654613638,8.0253,8.0253,7.2507,8.9123,0.8308,10.223,9.72265,10.10817,1.165,COSMOS-Web-DR1,phot
COSMOS2025-731044,150.36792286547865,2.2872152087765625,8.4735,8.4735,8.1183,8.7667,0.32420000000000027,10.034,9.97403,10.30782,2.411,COSMOS-Web-DR1,phot
COSMOS2025-757380,150.3691931264665,2.17711862604092,8.5675,8.5675,8.2301,8.8275,0.2987000000000002,12.474,12.30395,12.50235,2.184,COSMOS-Web-DR1,phot
COSMOS2025-762581,150.39016496242917,2.208812445594969,8.2515,8.2515,7.702,8.7627,0.5303500000000003,10.456,10.13035,10.44013,1.839,COSMOS-Web-DR1,phot
COSMOS2025-763910,150.4475194089202,2.1995067003791915,9.0147,9.0147,7.9941,9.426,0.7159499999999999,10.197,9.87606,10.26324,1.91,COSMOS-Web-DR1,phot
COSMOS2025-764690,150.38468411864866,2.230280611637832,8.1057,8.1057,7.6648,8.677,0.5061,10.112,9.88913,10.18138,1.56,COSMOS-Web-DR1,phot
COSMOS2025-769299,150.49523078179436,2.230823610664215,8.97,8.97,6.3197,11.9693,2.8248,11.435,9.9232,10.89104,1.411,COSMOS-Web-DR1,phot
